{
  "total_queries": 54,
  "query_times": [
    43.69521141052246,
    43.29490661621094,
    43.33186149597168,
    43.01095008850098,
    62.52431869506836,
    44.90995407104492,
    41.80908203125,
    40.982961654663086,
    41.93997383117676,
    41.18084907531738,
    60.986995697021484,
    43.18976402282715,
    42.78993606567383,
    42.45591163635254,
    42.43302345275879,
    41.821956634521484,
    62.02578544616699,
    43.40410232543945,
    42.03176498413086,
    41.48602485656738,
    41.68701171875,
    41.31197929382324,
    61.20705604553223,
    43.42031478881836,
    42.83905029296875,
    41.76688194274902,
    42.189836502075195,
    42.256832122802734,
    61.65313720703125,
    43.26891899108887,
    41.815996170043945,
    41.45169258117676,
    41.54801368713379,
    42.157888412475586,
    61.51723861694336,
    43.67327690124512,
    42.346954345703125,
    41.85009002685547,
    41.72110557556152,
    41.63408279418945,
    61.61904335021973,
    43.28489303588867,
    42.2060489654541,
    41.70513153076172,
    42.16504096984863,
    42.166948318481445,
    61.96308135986328,
    43.901920318603516,
    42.21391677856445,
    41.80502891540527,
    41.734933853149414,
    41.79096221923828,
    61.38181686401367,
    43.905019760131836
  ],
  "slow_queries": [],
  "query_types": {
    "SELECT": 54
  },
  "tables_accessed": {
    "information_schema.tables": 18,
    "items": 9,
    "discovered_items": 9
  },
  "table_sources": {
    "information_schema.tables": {
      "GET /api/admin/database/config": 18
    },
    "items": {
      "GET /api/admin/database/config": 9
    },
    "discovered_items": {
      "GET /api/admin/database/config": 9
    }
  },
  "last_saved": "2025-07-13T14:06:12.533722"
}